Date,"Bitcoin","Cryptocurrency","Blockchain","Happiness","Psychology","Big data"
2015-09-01,9295,1045,186,1715,8518,5073
2015-09-02,8402,933,130,1456,6280,5422
2015-09-03,7967,958,78,1313,6608,5206
2015-09-04,6925,815,98,1121,5381,4541
2015-09-05,5814,624,42,1002,4233,2782
2015-09-06,6183,635,71,1213,4788,3624
2015-09-07,7366,863,71,1317,5433,5367
2015-09-08,8373,1128,98,1470,6631,5896
2015-09-09,7966,1008,108,1434,6627,5719
2015-09-10,8087,913,102,1265,6363,5620
2015-09-11,7807,844,83,1180,5428,5077
2015-09-12,6732,674,36,1070,4240,3187
2015-09-13,6759,703,49,1273,4892,3404
2015-09-14,9968,1035,106,1405,6031,5958
2015-09-15,8844,1044,151,1448,6009,5702
2015-09-16,8529,1044,228,1280,5892,5112
2015-09-17,8761,1042,197,1323,5920,5098
2015-09-18,9291,925,139,1224,4954,4812
2015-09-19,7344,700,45,1091,4371,3161
2015-09-20,7185,700,52,1363,4686,3131
2015-09-21,8482,1008,116,1350,5725,5532
2015-09-22,9391,995,112,1409,5530,5597
2015-09-23,40016,851,133,1738,5538,5581
2015-09-24,7567,866,120,1344,5211,5138
2015-09-25,9114,836,110,1189,4492,4275
2015-09-26,5945,610,48,1058,3845,3133
2015-09-27,6308,707,64,1309,4514,3135
2015-09-28,7258,961,105,1482,5832,5529
2015-09-29,7439,1110,108,1457,5543,6014
2015-09-30,7521,1015,136,1421,5609,5630
2015-10-01,6915,904,100,1345,5130,5385
2015-10-02,6633,789,90,1215,4708,4236
2015-10-03,5799,672,39,1130,3933,3095
2015-10-04,6556,769,83,1380,4408,3398
2015-10-05,7937,960,135,1441,5513,5537
2015-10-06,10580,1154,158,1409,5681,6010
2015-10-07,9002,1077,139,1613,5612,6153
2015-10-08,7988,930,110,1441,5351,6338
2015-10-09,6977,830,95,1268,4879,6285
2015-10-10,5760,1042,39,1172,4337,3816
2015-10-11,6282,1028,42,1362,4637,3403
2015-10-12,7768,980,103,1485,5428,6415
2015-10-13,7733,1190,109,1436,5708,6379
2015-10-14,9130,935,143,1578,5810,5750
2015-10-15,7470,980,125,1416,5729,5568
2015-10-16,6956,904,105,1354,5255,4717
2015-10-17,5901,754,35,1178,4307,4412
2015-10-18,6319,845,39,1337,4468,3203
2015-10-19,8297,935,122,1489,6048,5495
2015-10-20,8665,957,105,1456,5826,5345
2015-10-21,8204,1086,125,1434,5639,6640
2015-10-22,8587,865,125,1396,5635,4476
2015-10-23,8024,1057,114,1255,4815,4360
2015-10-24,6160,834,38,1282,3804,2931
2015-10-25,6783,903,41,1330,4432,3323
2015-10-26,8519,1465,93,1340,5181,5396
2015-10-27,9033,1134,113,1475,5295,5662
2015-10-28,9695,1066,96,1407,5121,5461
2015-10-29,10211,1174,175,1412,4994,5704
2015-10-30,9029,883,200,1213,4316,4592
2015-10-31,6855,790,122,1087,3561,2920
2015-11-01,8294,890,151,1254,4254,3177
2015-11-02,10020,1145,237,1634,5400,5354
2015-11-03,11545,1204,251,1456,5694,5181
2015-11-04,14390,1440,206,1444,5793,5509
2015-11-05,16294,1325,218,1473,6134,5732
2015-11-06,11448,1120,197,1366,5083,4399
2015-11-07,8075,741,86,1289,4897,2914
2015-11-08,7956,836,76,1190,4816,3248
2015-11-09,11166,1077,202,1413,6169,4779
2015-11-10,10928,1125,161,1450,6534,4579
2015-11-11,9358,988,164,1486,6473,4433
2015-11-12,9258,1376,144,1405,6407,4961
2015-11-13,8749,898,145,1215,5384,4455
2015-11-14,6794,705,71,1209,4450,2768
2015-11-15,7023,790,68,1244,5167,3114
2015-11-16,8825,994,147,1456,6507,4915
2015-11-17,9949,1022,120,1624,6594,5772
2015-11-18,9285,1064,126,1537,6363,5489
2015-11-19,8819,1032,154,1447,6243,5098
2015-11-20,8254,885,119,1263,5150,4381
2015-11-21,7416,834,56,1071,4065,3046
2015-11-22,7287,1219,54,1279,4827,3203
2015-11-23,8246,1450,110,1519,5828,5234
2015-11-24,7454,1092,131,1482,5940,4951
2015-11-25,7164,953,96,1308,5380,5140
2015-11-26,9513,974,94,1212,4783,4491
2015-11-27,7169,846,84,1169,4176,3685
2015-11-28,6462,648,58,1153,4013,2737
2015-11-29,7059,813,55,1291,4495,3330
2015-11-30,9143,976,125,1391,5862,5364
2015-12-01,9392,976,111,1455,6682,5099
2015-12-02,8799,1055,119,1483,5812,5158
2015-12-03,8288,1034,144,1475,5509,4725
2015-12-04,8029,909,122,1228,4907,4274
2015-12-05,7077,721,76,1015,4138,2712
2015-12-06,7456,787,74,1261,4527,3090
2015-12-07,8731,996,144,1448,5428,4812
2015-12-08,15178,1223,135,1470,5656,4946
2015-12-09,63357,3139,229,1549,5583,5214
2015-12-10,28831,1615,147,1432,5426,5370
2015-12-11,15030,1107,108,1290,4930,4848
2015-12-12,10109,804,62,1071,3804,3195
2015-12-13,9965,895,66,1278,4232,3147
2015-12-14,10789,1065,156,1402,5196,4839
2015-12-15,13363,1018,137,1304,4937,4765
2015-12-16,12503,1122,126,1359,4935,4449
2015-12-17,10082,1001,201,1260,4542,4525
2015-12-18,8657,795,239,1054,3877,3742
2015-12-19,7633,674,107,958,3316,2390
2015-12-20,7718,745,118,1053,3395,2434
2015-12-21,9199,804,161,1186,3781,3788
2015-12-22,8303,817,168,1167,3490,3791
2015-12-23,8266,791,126,1003,3243,3341
2015-12-24,7148,652,72,888,2819,2431
2015-12-25,6632,576,69,876,2447,1823
2015-12-26,8664,731,52,912,2758,1868
2015-12-27,13392,775,57,1024,3056,2246
2015-12-28,9782,1216,92,1118,3438,3555
2015-12-29,8690,910,130,1072,3528,3510
2015-12-30,8638,883,110,1052,3497,3423
2015-12-31,7240,677,92,1062,2698,3108
2016-01-01,6245,629,52,1168,2817,2088
2016-01-02,7707,765,62,1088,3624,2472
2016-01-03,9635,744,84,1160,3749,2726
2016-01-04,9914,1005,129,1328,4471,4873
2016-01-05,9817,1062,145,1303,4816,4782
2016-01-06,8812,963,166,1203,5149,4801
2016-01-07,10472,1127,137,1325,5101,4754
2016-01-08,8982,991,130,1202,4638,4225
2016-01-09,7506,781,81,1028,3873,2586
2016-01-10,7441,858,70,1281,4526,2790
2016-01-11,9126,1039,118,1394,5870,4976
2016-01-12,8556,1404,153,1402,5511,4858
2016-01-13,8535,1051,120,1205,5640,4765
2016-01-14,8500,998,154,1353,5700,5272
2016-01-15,10379,1086,144,1133,4642,4138
2016-01-16,9734,875,74,1115,3880,2763
2016-01-17,10163,1220,81,1340,4476,2939
2016-01-18,11240,1326,143,1355,5250,4958
2016-01-19,10285,1261,187,1486,6053,5488
2016-01-20,9594,1173,174,1449,6439,5320
2016-01-21,9741,1222,179,1412,6784,5244
2016-01-22,8986,1140,234,1206,5827,4820
2016-01-23,6951,796,89,1145,4721,3265
2016-01-24,7644,845,92,1370,5446,3319
2016-01-25,8952,1164,589,1517,6820,4865
2016-01-26,8795,1163,214,1405,7615,4512
2016-01-27,10330,1208,190,1435,6674,5286
2016-01-28,10867,1068,183,1390,6521,5252
2016-01-29,9933,1027,128,1432,5574,4951
2016-01-30,7305,778,62,1175,4621,3164
2016-01-31,6889,931,79,1259,5146,3357
2016-02-01,8159,1029,168,1477,6458,5539
2016-02-02,8575,1195,131,1645,6238,5543
2016-02-03,8334,1425,137,1703,6471,5282
2016-02-04,8405,1146,168,1447,6152,5418
2016-02-05,7286,931,158,1344,5443,4946
2016-02-06,6576,863,115,1124,4433,3287
2016-02-07,7257,897,110,1336,4843,3364
2016-02-08,7862,1154,128,1549,6217,5170
2016-02-09,8240,1128,159,1502,6247,5153
2016-02-10,8415,1343,149,1533,6252,5371
2016-02-11,8508,1164,147,1468,6190,5158
2016-02-12,8265,1252,123,1234,5111,4512
2016-02-13,7304,984,40,1103,4146,3079
2016-02-14,8707,870,56,1302,4495,3222
2016-02-15,11516,1174,115,1461,5627,5687
2016-02-16,11652,1300,186,1428,5731,5643
2016-02-17,11247,1278,307,1489,5829,5843
2016-02-18,22016,1328,213,1457,5771,5726
2016-02-19,15488,1208,145,1385,5133,4775
2016-02-20,11468,920,76,1181,4281,3474
2016-02-21,11411,940,91,1379,4753,3512
2016-02-22,11126,1121,143,1741,6296,6003
2016-02-23,10140,1164,168,1674,6241,6204
2016-02-24,9726,1207,167,1600,5867,6216
2016-02-25,9689,1101,165,1567,5782,5643
2016-02-26,8563,1124,116,1224,5145,4940
2016-02-27,7438,1096,65,1136,4664,3214
2016-02-28,7501,971,56,1372,4812,3382
2016-02-29,8818,1105,132,1619,6208,5373
2016-03-01,9774,1282,162,1638,6020,5237
2016-03-02,9169,1251,133,1527,5649,5705
2016-03-03,9718,1266,182,1604,5925,5313
2016-03-04,8221,1067,119,1431,5174,4607
2016-03-05,7319,987,67,1134,4420,3039
2016-03-06,7807,1286,78,1235,4705,3103
2016-03-07,9903,1395,143,1619,6070,5102
2016-03-08,9547,1226,157,1574,6089,5272
2016-03-09,8667,1279,165,1536,5607,5319
2016-03-10,8231,1226,159,1449,5326,5294
2016-03-11,7550,1128,111,1183,5252,4586
2016-03-12,6256,984,51,1219,4005,3140
2016-03-13,7127,1062,82,1250,4333,3401
2016-03-14,10334,1337,143,1512,5605,5612
2016-03-15,9939,1619,150,1445,5069,5437
2016-03-16,8767,1308,152,1538,5168,5363
2016-03-17,8000,1117,153,1522,5548,5304
2016-03-18,7261,1052,116,1306,7417,4625
2016-03-19,5803,924,45,2149,3873,2884
2016-03-20,6392,1041,70,1518,4125,3167
2016-03-21,7624,1204,141,1547,5028,4927
2016-03-22,8206,1102,114,1366,4873,4914
2016-03-23,8114,1194,121,1277,4870,4526
2016-03-24,8782,1024,106,1572,4510,4178
2016-03-25,7324,943,91,1036,3759,2970
2016-03-26,6252,839,56,995,3636,2434
2016-03-27,6509,1015,44,1219,3794,2718
2016-03-28,7847,1148,124,1299,4675,4353
2016-03-29,8713,1256,165,1352,5569,5101
2016-03-30,8453,1119,155,1411,5283,4990
2016-03-31,8131,1066,166,1348,4840,4578
2016-04-01,7467,1032,108,1220,4201,4109
2016-04-02,6114,872,51,1042,3811,2894
2016-04-03,7076,923,58,1221,4062,2888
2016-04-04,8360,1159,156,1445,5043,4717
2016-04-05,9526,1200,197,1407,5316,5020
2016-04-06,8212,1219,203,1518,5126,5008
2016-04-07,8289,1185,167,1413,5032,4650
2016-04-08,8760,1046,145,1312,4544,3933
2016-04-09,6351,860,54,1302,3888,2774
2016-04-10,6910,888,68,1473,4258,2989
2016-04-11,9268,1282,168,1615,5845,5011
2016-04-12,8641,1213,181,1453,5991,5132
2016-04-13,9055,1154,158,1564,5797,5027
2016-04-14,8202,1036,147,1358,5418,4708
2016-04-15,7162,951,126,1192,4932,4209
2016-04-16,5785,738,50,1075,3669,2610
2016-04-17,6340,921,81,1224,3816,3160
2016-04-18,7743,1383,163,1500,5741,4840
2016-04-19,9076,1159,163,1536,5037,5088
2016-04-20,8403,1253,163,1428,4767,5344
2016-04-21,11381,1371,149,1354,4847,4883
2016-04-22,9665,1177,155,1258,4536,4187
2016-04-23,7170,968,74,1100,3601,2996
2016-04-24,8433,1067,75,1271,3983,2971
2016-04-25,9045,1517,182,1468,5274,4799
2016-04-26,9250,1191,181,1527,5333,5277
2016-04-27,8777,1191,165,1532,5226,5257
2016-04-28,9540,1303,155,1357,5164,4791
2016-04-29,7765,975,138,1233,4641,3878
2016-04-30,6176,770,78,1056,3724,2598
2016-05-01,6593,873,71,1331,3884,2768
2016-05-02,88391,2707,373,1656,5103,4558
2016-05-03,43326,2055,331,1503,6100,4760
2016-05-04,20101,1489,256,1392,4938,4808
2016-05-05,25386,1587,221,1322,4839,4524
2016-05-06,17048,1407,231,1223,5539,3887
2016-05-07,11166,1080,153,963,3767,2620
2016-05-08,11207,1082,150,1232,3735,2904
2016-05-09,13087,1295,313,1452,4849,4756
2016-05-10,12193,1356,331,1419,5216,5045
2016-05-11,10845,1296,285,1394,4977,4968
2016-05-12,11455,1203,314,1388,4956,4486
2016-05-13,9489,1041,261,1218,4444,3811
2016-05-14,12031,1239,298,1021,3812,2628
2016-05-15,11799,1196,387,1137,3931,2738
2016-05-16,11516,1190,652,1275,4858,4201
2016-05-17,8974,1284,297,1348,5027,4762
2016-05-18,9947,1261,311,1374,5077,4681
2016-05-19,12168,1302,228,1256,5123,5426
2016-05-20,8393,1205,179,1076,4509,3954
2016-05-21,6660,863,106,1048,3932,2515
2016-05-22,7085,977,115,1105,3796,2795
2016-05-23,8706,1344,232,1283,4829,4823
2016-05-24,8943,1200,212,1562,5079,4842
2016-05-25,8226,1426,246,1219,4822,4647
2016-05-26,8012,1189,278,1197,4779,4401
2016-05-27,7843,1123,221,1157,4167,3791
2016-05-28,7516,956,116,936,3466,2328
2016-05-29,7165,901,135,1063,3634,2601
2016-05-30,12745,1319,229,1352,4173,3947
2016-05-31,13783,1374,286,1239,4615,4395
2016-06-01,10917,1287,276,1269,4582,4830
2016-06-02,9668,1232,236,1152,4498,4473
2016-06-03,9507,1159,198,1017,4085,3950
2016-06-04,7824,927,91,928,3514,2333
2016-06-05,11299,989,110,1052,4111,2736
2016-06-06,10305,1184,229,1237,4668,4278
2016-06-07,9828,1296,247,1219,5091,4369
2016-06-08,9526,1260,214,1210,5353,4601
2016-06-09,9328,1103,209,1149,4667,4169
2016-06-10,8527,1181,166,955,4305,3366
2016-06-11,7960,907,87,910,3612,2291
2016-06-12,8817,1095,113,1033,4307,2639
2016-06-13,12454,1501,199,1291,5517,4053
2016-06-14,10859,1554,231,1225,6631,4215
2016-06-15,10005,1751,186,1167,6675,4224
2016-06-16,10618,1508,296,1206,6077,4250
2016-06-17,10851,1540,291,1002,5054,3623
2016-06-18,8859,1454,176,1020,4556,2202
2016-06-19,9315,1388,178,1140,5429,2391
2016-06-20,11896,1538,290,1165,6204,4404
2016-06-21,11977,1617,365,1174,7147,4082
2016-06-22,9837,1514,306,1166,6423,4313
2016-06-23,9912,1555,223,1172,5632,4152
2016-06-24,19135,1627,175,1041,4684,3453
2016-06-25,12669,1249,104,881,4250,2161
2016-06-26,8292,1248,87,1074,4838,2487
2016-06-27,11629,1450,187,1128,5611,3826
2016-06-28,10003,1457,159,1166,5715,3968
2016-06-29,10158,1379,158,1095,5286,5284
2016-06-30,9599,1426,144,1083,4923,4173
2016-07-01,8764,1308,121,965,4186,3437
2016-07-02,7717,1063,69,902,3805,2280
2016-07-03,8615,1048,59,1088,4187,2186
2016-07-04,9364,1303,114,1358,4724,3746
2016-07-05,9447,1374,166,1150,4030,4116
2016-07-06,9129,1231,166,1118,4669,4110
2016-07-07,9574,1408,147,1126,4272,4071
2016-07-08,8771,1188,134,1039,3923,3912
2016-07-09,8843,1179,53,960,3599,3142
2016-07-10,10305,1174,41,1060,4574,2956
2016-07-11,10443,1463,114,1140,4509,4117
2016-07-12,10146,1492,111,1228,4608,4288
2016-07-13,10027,1530,113,1098,4629,4434
2016-07-14,9109,1352,126,1010,4200,4003
2016-07-15,8596,1250,131,865,3819,3703
2016-07-16,7157,1097,33,966,3528,2349
2016-07-17,8148,1191,39,1057,3885,2559
2016-07-18,8920,1365,106,1187,4645,4402
2016-07-19,8270,1466,94,1190,4651,4671
2016-07-20,8357,1475,89,1084,4499,5697
2016-07-21,8658,1365,100,1028,4281,4161
2016-07-22,9800,1310,95,898,3903,3660
2016-07-23,6549,1037,40,880,3458,2380
2016-07-24,7274,1130,53,923,3787,2582
2016-07-25,9280,1327,114,1114,4258,4169
2016-07-26,10095,1390,137,1208,4469,4602
2016-07-27,10107,1336,89,1119,4337,4519
2016-07-28,9118,1412,96,1138,4329,4449
2016-07-29,8102,1079,110,914,3812,3585
2016-07-30,7619,1030,47,960,3273,2296
2016-07-31,68433,994,63,1152,3542,2574
2016-08-01,7849,1287,111,1197,4110,3910
2016-08-02,8291,1227,131,1211,4404,4182
2016-08-03,18927,1790,138,1106,4551,4096
2016-08-04,12782,1493,97,1154,4321,4123
2016-08-05,9473,1183,110,1010,3946,3460
2016-08-06,7570,1012,50,939,3540,2321
2016-08-07,13610,1018,65,1002,3844,2200
2016-08-08,12052,1493,107,1089,4634,3791
2016-08-09,11249,1565,113,1048,5024,4078
2016-08-10,9015,1279,128,1142,5270,3974
2016-08-11,8400,1246,104,1141,5177,3705
2016-08-12,7756,1049,109,967,4010,3093
2016-08-13,6851,1020,49,863,3517,2175
2016-08-14,6860,944,54,949,3967,2143
2016-08-15,7890,1286,109,1128,4537,3084
2016-08-16,8422,1328,138,1078,4822,3981
2016-08-17,8694,1208,98,1044,4952,4060
2016-08-18,10122,1213,94,986,5010,3584
2016-08-19,8392,1089,87,1014,4169,3601
2016-08-20,6836,912,38,921,3628,2226
2016-08-21,7330,1118,40,981,4160,2445
2016-08-22,8395,1323,119,1099,5121,4318
2016-08-23,8897,1446,96,1179,5534,4541
2016-08-24,9239,1402,158,1118,5525,4347
2016-08-25,8900,1564,127,1166,5504,4251
2016-08-26,8442,23551,147,1047,4902,3838
2016-08-27,7126,1413,79,845,3889,2888
2016-08-28,7543,1303,84,1038,5458,2894
2016-08-29,8722,1506,114,1301,5453,4876
2016-08-30,8666,1448,139,1267,5888,4937
2016-08-31,9172,1424,142,1182,5827,4685
2016-09-01,8596,1411,138,1102,5618,4443
2016-09-02,8115,1241,154,1095,4914,3948
2016-09-03,7347,1094,196,949,4014,2604
2016-09-04,7896,1113,106,1074,4370,2699
2016-09-05,9039,1352,101,1179,5239,3555
2016-09-06,9374,1327,124,1301,6190,5006
2016-09-07,9426,1750,144,1199,6121,5097
2016-09-08,10042,1607,146,1225,6288,5080
2016-09-09,9121,1388,112,1106,5483,4380
2016-09-10,8218,1163,50,978,4129,2880
2016-09-11,7890,1269,71,1137,4714,2970
2016-09-12,10175,1510,111,1194,6017,4523
2016-09-13,11035,1637,100,1100,5858,4681
2016-09-14,10442,1696,216,1245,5891,5131
2016-09-15,10277,1543,463,1198,5550,4790
2016-09-16,10414,1470,119,1108,4958,4369
2016-09-17,9034,1346,57,968,4014,3131
2016-09-18,9227,1391,69,1087,4558,3213
2016-09-19,9584,1479,131,1345,7059,5174
2016-09-20,9873,1555,131,1422,6005,5291
2016-09-21,9285,1580,125,1324,6089,5031
2016-09-22,9903,1606,116,1202,6296,4983
2016-09-23,8100,1366,103,1033,5138,4342
2016-09-24,8840,1202,69,1072,4206,2850
2016-09-25,7642,1241,77,1189,4517,3269
2016-09-26,9531,1658,153,1358,5662,5079
2016-09-27,8507,1583,156,1382,5398,4997
2016-09-28,8127,1618,183,1326,5671,5054
2016-09-29,8014,1491,195,1244,5329,5057
2016-09-30,8491,1461,124,1102,4533,4899
2016-10-01,7590,1249,48,876,3701,2584
2016-10-02,7652,1212,45,1141,4103,2612
2016-10-03,8347,1581,108,1267,5047,4433
2016-10-04,9345,1643,157,1342,5340,4965
2016-10-05,9086,1582,122,1348,5319,4931
2016-10-06,8649,1464,140,1321,5131,4730
2016-10-07,8874,1400,97,1201,4480,4077
2016-10-08,7025,1200,75,978,3867,2763
2016-10-09,7078,1163,80,1093,4532,2803
2016-10-10,7981,1421,148,1438,5373,4130
2016-10-11,9581,1479,126,1636,5600,4467
2016-10-12,10134,1484,201,1528,5780,4730
2016-10-13,8788,1496,173,1456,5353,5034
2016-10-14,8502,1437,120,1180,5328,4364
2016-10-15,6829,1259,46,1162,3912,2853
2016-10-16,7378,1291,59,1333,5043,2930
2016-10-17,9038,1671,137,1531,5553,5228
2016-10-18,9037,1609,142,1573,5979,5268
2016-10-19,8766,1561,167,1468,5800,4879
2016-10-20,7861,1539,182,1360,5374,4570
2016-10-21,9966,1450,119,1230,4724,4010
2016-10-22,6727,1209,78,1049,3863,2679
2016-10-23,8054,1247,75,1190,4161,3106
2016-10-24,8868,2023,197,1505,5334,4754
2016-10-25,9923,1522,180,1407,5403,4882
2016-10-26,8501,1621,149,1353,5911,5067
2016-10-27,8667,1450,117,1355,5041,4264
2016-10-28,14518,1474,126,1200,4466,3336
2016-10-29,10900,1325,59,944,3630,2147
2016-10-30,8571,1550,71,1211,3966,2460
2016-10-31,12082,1932,118,1304,5442,3661
2016-11-01,10272,1852,131,1270,5201,3948
2016-11-02,10374,1952,172,1378,5311,4313
2016-11-03,9857,1759,145,1367,5531,4493
2016-11-04,9168,1657,118,1339,4954,4247
2016-11-05,12204,1540,61,1075,9264,2762
2016-11-06,10908,1671,73,1309,4596,2858
2016-11-07,11614,1972,132,1493,5996,4696
2016-11-08,11807,1947,136,1411,5931,4649
2016-11-09,12959,1975,110,1383,5301,4140
2016-11-10,11493,2173,105,1371,5824,4390
2016-11-11,10046,1665,99,1184,4809,3714
2016-11-12,8957,1531,40,1125,4158,2679
2016-11-13,9805,1619,60,1368,4748,3073
2016-11-14,21607,1940,114,1771,5966,4740
2016-11-15,11771,1943,144,2484,6490,4683
2016-11-16,12522,2057,212,1672,6453,5421
2016-11-17,11377,2035,153,1587,5930,4745
2016-11-18,10650,1843,137,1382,5146,3975
2016-11-19,8894,1537,52,1119,4382,2615
2016-11-20,10466,1741,71,1221,4769,3127
2016-11-21,11120,2019,247,1476,5718,4650
2016-11-22,11421,2186,160,1466,5875,4544
2016-11-23,10960,1927,126,1473,5483,4418
2016-11-24,11876,1949,107,1228,5045,4251
2016-11-25,10238,1691,111,1162,4489,3750
2016-11-26,8430,1541,59,1124,3943,2744
2016-11-27,9523,1673,63,1288,4638,2989
2016-11-28,12311,2069,129,1612,5609,4995
2016-11-29,14544,2315,166,1412,5326,4992
2016-11-30,12018,2583,163,1458,5520,4964
2016-12-01,10921,2405,132,1277,5437,4745
2016-12-02,11564,2438,117,1233,4747,3973
2016-12-03,8544,1495,54,1059,3954,2611
2016-12-04,8833,1518,73,1294,4271,3123
2016-12-05,10512,1919,119,1428,5177,4858
2016-12-06,11527,1881,153,1488,5384,4698
2016-12-07,10847,1863,144,1379,5077,4927
2016-12-08,10893,1989,146,1283,5141,4556
2016-12-09,9588,1819,132,1183,4517,3871
2016-12-10,8835,1529,79,1030,3533,2658
2016-12-11,8676,1578,71,1170,4096,2716
2016-12-12,10465,1849,145,1198,4656,4018
2016-12-13,11745,2197,153,1309,4958,4306
2016-12-14,11373,2067,146,1279,4891,4050
2016-12-15,10924,1829,128,1375,4389,4117
2016-12-16,10416,1771,92,1055,3876,3491
2016-12-17,8770,1524,58,1133,3176,2203
2016-12-18,9127,1508,88,976,3682,2579
2016-12-19,11821,1933,126,1081,4248,3949
2016-12-20,11646,1721,119,1146,3978,3636
2016-12-21,12246,1751,133,944,3774,4196
2016-12-22,13374,1921,127,1015,3541,3604
2016-12-23,14116,1775,87,863,3137,2594
2016-12-24,11547,1543,60,847,2859,1736
2016-12-25,10882,1317,43,937,2623,1795
2016-12-26,12433,1895,66,951,3261,2613
2016-12-27,13454,2001,83,949,3621,2947
2016-12-28,14314,2024,87,991,3612,3078
2016-12-29,15813,2127,100,991,3807,2848
2016-12-30,16270,1846,106,951,3327,2396
2016-12-31,10295,1369,52,1013,2672,1455
2017-01-01,9554,1379,86,1121,2958,1670
2017-01-02,22579,2586,106,1225,3891,3042
2017-01-03,25183,3199,155,1259,4386,3709
2017-01-04,22281,3131,159,1188,4691,4273
2017-01-05,24655,3308,164,1130,4692,3948
2017-01-06,21964,2876,127,1082,4340,3479
2017-01-07,17362,2414,85,919,3926,2444
2017-01-08,16490,2198,93,1152,4337,2608
2017-01-09,17720,2606,176,1189,4970,4199
2017-01-10,16258,2404,205,1205,5297,4565
2017-01-11,17559,2455,189,1246,5301,4183
2017-01-12,18224,2544,195,1149,5122,4066
2017-01-13,16546,2137,162,1080,4454,3475
2017-01-14,15220,2025,73,1153,3690,2338
2017-01-15,12144,1960,91,1243,4126,2693
2017-01-16,13679,2088,170,1310,5012,4032
2017-01-17,16112,2129,213,1403,5591,4301
2017-01-18,14637,2446,242,1302,5473,4542
2017-01-19,14435,2648,186,1299,5240,4382
2017-01-20,11860,1892,109,1137,4471,3767
2017-01-21,10255,1562,75,974,3943,2382
2017-01-22,11029,1653,84,1246,5870,2441
2017-01-23,14272,2135,174,7807,6224,4365
2017-01-24,13062,2072,195,1626,5927,4655
2017-01-25,12050,2009,157,1421,5912,4135
2017-01-26,11932,1934,128,1267,5556,3808
2017-01-27,11747,1882,145,1207,5085,3670
2017-01-28,12571,1821,72,970,4026,2409
2017-01-29,11690,1668,71,1174,4264,2738
2017-01-30,14073,2334,169,1325,6287,4301
2017-01-31,13225,2195,181,1371,5851,4465
2017-02-01,13278,1998,136,1233,5492,4168
2017-02-02,13524,2011,155,1250,5463,4058
2017-02-03,12876,1986,129,1173,4906,3880
2017-02-04,11078,1572,78,926,3906,2598
2017-02-05,12070,1689,91,1163,4629,2678
2017-02-06,13166,1883,187,1290,5467,4243
2017-02-07,13554,2050,191,1359,5983,4515
2017-02-08,13313,1989,209,1295,5665,4469
2017-02-09,13381,1990,153,1274,5662,4853
2017-02-10,12212,1802,169,1132,4891,4008
2017-02-11,10009,1495,71,981,4286,2578
2017-02-12,10944,1660,73,1276,4454,2986
2017-02-13,12472,2084,190,1391,5195,5479
2017-02-14,11624,1967,164,1327,5197,4730
2017-02-15,12330,2027,156,1394,5288,4781
2017-02-16,12923,1982,134,1508,5365,4596
2017-02-17,14331,1823,3914,1277,4715,4399
2017-02-18,12842,1775,64,1000,4263,2873
2017-02-19,10644,1789,77,1190,4479,3242
2017-02-20,12193,1976,120,1245,5459,4800
2017-02-21,13870,2149,132,1353,5660,5064
2017-02-22,13371,2077,147,1379,5581,5046
2017-02-23,14046,2039,153,1323,5279,4600
2017-02-24,15834,2093,121,1159,4664,4022
2017-02-25,17751,2169,3406,1012,4039,2941
2017-02-26,16385,2034,3974,1283,5541,3090
2017-02-27,15063,2170,1597,1368,5322,4916
2017-02-28,15679,2494,215,1454,5281,5249
2017-03-01,17507,2669,149,1389,5401,4914
2017-03-02,18929,2593,177,1221,5319,4886
2017-03-03,40347,3860,163,1385,4931,4139
2017-03-04,25835,4312,126,1221,3891,2744
2017-03-05,17862,3422,136,1431,4343,2993
2017-03-06,20274,2813,215,1698,5213,4619
2017-03-07,17149,2501,213,1401,5321,4793
2017-03-08,15721,2196,172,1465,5274,4741
2017-03-09,15556,2406,179,1306,5068,4688
2017-03-10,19093,2504,1983,1106,4656,4215
2017-03-11,15958,2411,2528,1060,3836,2544
2017-03-12,14093,2397,2831,1142,4092,2935
2017-03-13,16417,2859,5290,1355,5062,4307
2017-03-14,19528,2577,9787,1384,5145,4743
2017-03-15,17689,2453,10604,1702,4908,4808
2017-03-16,16895,2659,10038,1248,4889,4643
2017-03-17,15663,2643,8575,1069,4436,4188
2017-03-18,15288,2301,5108,1071,3857,2775
2017-03-19,14669,2314,5560,1239,4332,2975
2017-03-20,17922,2686,11593,2058,5411,4836
2017-03-21,16453,2605,12829,1710,5277,4870
2017-03-22,14885,2603,12536,1543,5431,5009
2017-03-23,14546,2387,12390,1352,5151,4540
2017-03-24,13225,2219,10789,1161,4713,3960
2017-03-25,11334,1796,5728,1046,4060,2596
2017-03-26,12736,1990,5349,1282,4380,2992
2017-03-27,13370,2419,9853,1395,5248,4573
2017-03-28,13970,2465,10824,1401,5085,4653
2017-03-29,13533,2473,10019,1384,5074,4557
2017-03-30,13812,2456,9911,1289,4966,4538
2017-03-31,12980,2188,8400,1051,4396,3861
2017-04-01,11815,1892,4434,980,3932,2610
2017-04-02,11420,2066,4594,1181,3959,2623
2017-04-03,14614,2533,9595,1261,4718,4311
2017-04-04,14537,2453,9796,1327,4881,4600
2017-04-05,13465,2304,9936,1256,5147,4480
2017-04-06,13169,2380,9540,1279,4953,4370
2017-04-07,13208,2186,7864,1089,4194,3670
2017-04-08,11200,2024,4299,987,3723,2544
2017-04-09,10873,1832,4651,1182,3921,2688
2017-04-10,13166,2373,9140,1275,4753,4327
2017-04-11,16999,2387,9590,1225,4670,4418
2017-04-12,13871,2473,9004,1188,4602,4569
2017-04-13,13786,2484,8511,1130,5490,3921
2017-04-14,12174,2117,6157,950,3794,3005
2017-04-15,10065,1731,4522,936,3336,2341
2017-04-16,11044,1929,4750,1087,3599,2534
2017-04-17,18666,3051,8412,1260,4646,3838
2017-04-18,22995,3189,10577,1838,4941,4738
2017-04-19,15773,2588,10344,1591,5281,4729
2017-04-20,14703,2487,10314,1294,4990,4497
2017-04-21,14230,2514,9165,1098,4490,3898
2017-04-22,11143,2125,4882,1059,3830,2792
2017-04-23,12071,1896,4837,1115,4049,3199
2017-04-24,16047,3081,9290,1333,5134,4960
2017-04-25,16503,2593,10229,1266,5180,4748
2017-04-26,14681,2614,10538,1199,4975,4589
2017-04-27,14889,2587,11055,1245,4987,4300
2017-04-28,13791,2460,9343,1085,4399,3409
2017-04-29,11038,2104,5651,926,3740,2301
2017-04-30,16195,2160,5415,1029,4008,2364
2017-05-01,14544,2936,8224,1278,4965,3599
2017-05-02,17143,3140,10771,1295,5048,4395
2017-05-03,17277,3030,11215,1331,5103,4341
2017-05-04,19238,3888,12094,1310,4960,4278
2017-05-05,16900,3490,9575,1090,4471,3676
2017-05-06,17793,2944,5657,954,3880,2560
2017-05-07,17777,3102,6878,1068,3986,2751
2017-05-08,19666,3888,10724,1324,4968,4397
2017-05-09,23935,4182,11674,1284,5040,4524
2017-05-10,24385,4223,11043,1258,4896,4570
2017-05-11,25185,4056,10961,1145,4832,4242
2017-05-12,39626,4013,9764,1036,4579,3750
2017-05-13,47817,4235,6379,1016,3683,2443
2017-05-14,43113,4181,6147,1088,3749,2794
2017-05-15,91099,9681,11551,1171,4852,4269
2017-05-16,88685,9565,12109,1308,4738,4809
2017-05-17,59979,8483,11774,1298,4817,4939
2017-05-18,45865,7081,11613,1173,4610,4578
2017-05-19,38662,6399,10198,1025,4179,3910
2017-05-20,33314,4988,6139,898,3631,2566
2017-05-21,31659,5469,6010,1000,3866,2936
2017-05-22,70929,10248,13820,1123,4558,4449
2017-05-23,77232,9742,16233,1106,4687,4634
2017-05-24,70266,10095,17280,1061,4636,4294
2017-05-25,73348,10795,18602,1127,4678,3927
2017-05-26,61597,8452,13690,967,4192,3439
2017-05-27,41682,5860,8101,812,3416,2310
2017-05-28,32640,5246,8145,890,3498,2402
2017-05-29,35534,6428,12531,900,5443,3523
2017-05-30,35423,6830,15281,1095,5295,4148
2017-05-31,34254,6898,13910,1093,4805,4026
2017-06-01,31694,6701,13288,957,4221,3807
2017-06-02,28056,5952,11989,852,3980,3277
2017-06-03,25776,5825,8343,822,3528,2638
2017-06-04,23455,5201,8321,867,3446,2399
2017-06-05,28797,7041,13774,980,4810,4118
2017-06-06,35757,8656,17609,1163,5359,4367
2017-06-07,33834,8785,16624,1102,5195,4595
2017-06-08,27396,7086,14791,978,4866,4363
2017-06-09,26320,6592,12779,932,4287,3515
2017-06-10,23523,5905,8275,760,3577,2280
2017-06-11,27303,7019,9221,956,3910,2448
2017-06-12,35940,9693,15163,1044,4694,4113
2017-06-13,32860,9642,16148,1070,5337,4217
2017-06-14,28795,9141,16472,1149,6038,4123
2017-06-15,29145,7802,16956,1177,5732,3988
2017-06-16,28247,7283,15069,974,4657,3607
2017-06-17,23079,5809,9416,856,4047,2192
2017-06-18,22615,6275,9452,936,4687,2354
2017-06-19,25447,7424,15594,1075,5831,4220
2017-06-20,28562,8534,17121,1159,5891,4242
2017-06-21,32491,8455,17315,1041,5674,5125
2017-06-22,30385,8319,15918,927,5321,4459
2017-06-23,25673,7531,13106,831,4520,3401
2017-06-24,24171,6419,9292,735,3846,2257
2017-06-25,22222,5637,8655,714,3791,2402
2017-06-26,25687,7353,14231,863,4750,3355
2017-06-27,35577,8339,17386,951,5243,4703
2017-06-28,45873,8756,16076,1004,5174,4127
2017-06-29,34271,7732,15625,983,5012,4206
2017-06-30,26499,6307,12186,761,4307,3214
2017-07-01,23015,4898,7861,727,5460,2252
2017-07-02,24879,5210,8027,918,6185,2388
2017-07-03,25546,6374,12259,1046,5990,4413
2017-07-04,25454,7700,11494,1046,5470,3922
2017-07-05,26835,6765,13616,1070,5095,4199
2017-07-06,27578,6777,13660,967,4791,4042
2017-07-07,24291,6906,12109,898,4828,3533
2017-07-08,21337,5479,7422,728,5841,2275
2017-07-09,22075,7939,7562,912,4986,2398
2017-07-10,26029,7617,15316,1052,5062,4090
2017-07-11,27965,8028,14398,1027,4819,4097
2017-07-12,27322,7342,13609,1142,8799,4166
2017-07-13,28320,7669,12082,1004,5642,4093
2017-07-14,24585,6425,10946,892,4132,4462
2017-07-15,20377,5105,6774,833,3809,2613
2017-07-16,20854,5180,7070,893,4038,2625
2017-07-17,24527,6668,11848,1038,4517,4146
2017-07-18,29243,6859,11944,1034,4587,4682
2017-07-19,31101,6302,12340,1031,4620,4207
2017-07-20,32662,6955,12518,1076,4738,4168
2017-07-21,26503,6417,10722,952,4191,3223
2017-07-22,23406,5258,7188,837,3810,2325
2017-07-23,28733,5602,9444,827,3946,2471
2017-07-24,28648,6804,12654,1054,4715,4118
2017-07-25,26829,6791,12807,1011,4908,3830
2017-07-26,27343,6462,12928,987,4604,4050
2017-07-27,27907,6167,13638,889,4647,3899
2017-07-28,24242,5644,11778,854,4150,3420
2017-07-29,21545,4789,7649,800,3797,2087
2017-07-30,35070,4591,8491,906,3891,2340
2017-07-31,24947,5699,12664,974,4562,3761
2017-08-01,53066,6811,13050,1011,6030,4434
2017-08-02,77020,7722,13270,1051,5310,3935
2017-08-03,31439,6243,12432,996,4908,3796
2017-08-04,24554,5555,9909,903,4479,3212
2017-08-05,26393,5033,6723,803,3848,2213
2017-08-06,26523,5108,6991,984,3910,3193
2017-08-07,34664,6787,11066,1063,4832,4086
2017-08-08,41798,7831,11900,1021,5056,4078
2017-08-09,37017,7385,11563,1049,4983,4377
2017-08-10,34824,7460,11908,993,5112,3783
2017-08-11,32144,7238,10794,871,4631,3099
2017-08-12,29789,5900,6970,873,3951,2017
2017-08-13,38392,6903,7579,874,4111,2077
2017-08-14,52910,9214,11339,967,5007,3312
2017-08-15,48514,8469,11032,924,5240,3011
2017-08-16,41717,8281,12248,975,5485,3560
2017-08-17,38805,8163,11619,1026,5837,3770
2017-08-18,38499,7363,10140,964,4956,3228
2017-08-19,35335,6403,6925,812,4113,2389
2017-08-20,36346,6331,7575,882,4446,2436
2017-08-21,37991,7669,11255,1042,5224,3662
2017-08-22,41910,8438,14329,1035,5614,3827
2017-08-23,40176,8607,14155,1079,5891,3832
2017-08-24,37747,8417,13385,1090,5540,3730
2017-08-25,35538,7335,11523,856,5115,3013
2017-08-26,31638,6481,6968,796,3981,2279
2017-08-27,29011,6544,7388,910,4201,2406
2017-08-28,32545,7506,11825,1010,5478,3497
2017-08-29,35649,8293,13430,1028,5661,3960
2017-08-30,37497,8826,13844,1091,5784,3811
2017-08-31,40717,9427,13777,932,5523,3853
2017-09-01,37745,8666,12441,853,4756,3069
2017-09-02,34203,7485,8868,785,3957,1930
2017-09-03,33920,7688,9257,874,4161,2047
2017-09-04,40423,9600,12518,1029,4954,3430
2017-09-05,40049,10203,15629,1020,5761,3719
2017-09-06,39593,9611,15743,1071,7229,4111
2017-09-07,39771,9467,14669,988,6068,3896
2017-09-08,32450,8112,13287,923,5477,3426
2017-09-09,29221,6665,8668,847,4276,2271
2017-09-10,29004,6463,8399,932,5286,2616
2017-09-11,31487,7854,13202,1067,6102,4136
2017-09-12,36669,8578,14718,1137,6003,4269
2017-09-13,51285,10140,16598,1125,6419,4376
2017-09-14,46945,9834,16428,1098,5942,4421
2017-09-15,45844,9876,13853,1077,5738,4406
2017-09-16,35393,8779,8902,921,4616,2345
2017-09-17,33829,8763,9111,1034,5489,2858
2017-09-18,39631,12199,15673,1278,7010,4372
2017-09-19,38494,10473,16264,1232,6595,4705
2017-09-20,34188,9464,15244,1218,6151,4391
2017-09-21,31065,8903,13839,1155,6010,4267
2017-09-22,28590,7867,12012,1274,5411,3550
2017-09-23,22355,6345,7630,1112,4551,2490
2017-09-24,23710,6488,8128,1228,4851,2991
2017-09-25,26521,8120,25808,1204,5888,4522
2017-09-26,26945,9026,14564,1295,6217,4434
2017-09-27,27887,9559,14267,1252,5952,4290
2017-09-28,26235,8750,14384,1162,5743,4069
2017-09-29,25139,8123,11843,1030,6023,3260
2017-09-30,21560,6461,7643,958,4063,1989
2017-10-01,23638,6910,8401,1118,4298,2351
2017-10-02,26007,8709,17756,1215,5366,3538
2017-10-03,26996,9023,16512,1156,5642,3914
2017-10-04,29069,8906,16163,1314,6011,4114
2017-10-05,26853,8647,15367,1126,5864,4121
2017-10-06,24784,8024,13778,1021,4966,3679
2017-10-07,22487,6636,8472,928,4346,3437
2017-10-08,23976,6943,8818,1088,4815,2831
2017-10-09,28288,8336,14881,1284,5727,4161
2017-10-10,29241,9089,16188,1286,6203,4305
2017-10-11,31418,9686,16235,1288,6110,4261
2017-10-12,45338,11773,17159,1316,6419,4215
2017-10-13,53804,12294,15167,1093,5388,3621
2017-10-14,40825,9188,10169,1009,4690,2435
2017-10-15,37131,9441,9832,1259,4956,2601
2017-10-16,41339,11565,18420,1398,6379,4203
2017-10-17,37203,11569,21972,1282,6099,4041
2017-10-18,34385,10048,16992,1329,6214,3722
2017-10-19,34379,9468,15776,1220,5809,3414
2017-10-20,39782,10533,14606,1037,5973,3256
2017-10-21,44661,9066,11117,1026,5042,2359
2017-10-22,40331,8993,11365,1157,5324,2661
2017-10-23,46345,11657,17987,1442,6277,4547
2017-10-24,43756,11454,19125,1436,6528,4794
2017-10-25,40927,10920,19657,1310,6651,4643
2017-10-26,39086,10834,17531,1561,7373,4400
2017-10-27,36708,9828,16083,1505,5893,3697
2017-10-28,31082,7493,10738,980,5891,2840
2017-10-29,33836,8708,10812,1063,5550,3554
2017-10-30,42538,10283,19718,1303,7066,4883
2017-10-31,48178,10953,17280,3904,7986,4574
2017-11-01,56103,12577,17562,1713,7818,4598
2017-11-02,74790,15441,18253,1547,9137,4893
2017-11-03,64293,13027,16550,1133,5756,4191
2017-11-04,49914,10203,11179,990,4957,3175
2017-11-05,48027,10131,11686,1243,5167,3318
2017-11-06,51778,12422,17646,1361,6808,5983
2017-11-07,51470,13531,22444,1525,7460,5142
2017-11-08,54912,13768,20666,1379,7424,5734
2017-11-09,54591,12828,19321,1344,6877,5674
2017-11-10,53492,13463,16208,1218,5643,4248
2017-11-11,44339,9511,10989,943,4933,2916
2017-11-12,45229,12352,11281,1193,5489,3830
2017-11-13,54732,13260,19065,1451,6854,5036
2017-11-14,50079,12757,20582,1502,7392,5171
2017-11-15,46140,11887,19007,1442,7690,5069
2017-11-16,49047,11619,18642,1302,6934,5467
2017-11-17,62242,12352,16814,1213,6028,4708
2017-11-18,48910,10391,10763,1026,4685,2918
2017-11-19,44907,9872,10845,1145,5276,3234
2017-11-20,58371,13483,21364,1358,6600,5657
2017-11-21,61690,14132,22767,1329,7044,4974
2017-11-22,53155,13715,19307,1439,6368,4618
2017-11-23,47490,13537,17731,1434,5700,4328
2017-11-24,45720,11831,15925,1109,5051,4236
2017-11-25,44223,11719,11491,1058,6362,2751
2017-11-26,65803,14046,13966,1245,5413,3409
2017-11-27,123516,24170,23795,1742,6578,5504
2017-11-28,144286,26536,27044,1807,6949,5388
2017-11-29,262289,40736,33266,2184,8514,5032
2017-11-30,212459,35835,30706,1737,7334,4798
2017-12-01,167229,26099,24323,1401,6165,4223
2017-12-02,111343,20591,19063,1184,4591,3057
2017-12-03,107583,20777,17614,1520,5122,3884
2017-12-04,161367,31783,27268,1701,6429,5602
2017-12-05,159921,29139,27628,1851,7718,5901
2017-12-06,179109,32523,29747,1790,6555,4993
2017-12-07,331637,46336,38098,1782,6497,6293
2017-12-08,344686,45980,34471,1499,6099,4636
2017-12-09,214245,33931,23201,1376,4814,2942
2017-12-10,189621,29105,22076,1490,5471,3233
2017-12-11,242875,36782,30984,1858,6863,4832
2017-12-12,230521,45563,32724,4894,6297,6131
2017-12-13,201431,44592,30028,1613,6700,4726
2017-12-14,163855,40257,28446,1497,6173,4305
2017-12-15,128830,33061,26333,1369,5355,3833
2017-12-16,117337,29638,21634,1199,4429,2592
2017-12-17,124072,28904,21867,1339,4620,2995
2017-12-18,137631,33337,29452,1670,5796,4304
2017-12-19,156057,34203,33346,1726,5617,4740
2017-12-20,164499,36405,31727,1687,5101,3973
2017-12-21,141432,31909,38354,1373,4811,4277
2017-12-22,164227,38456,37054,1127,4107,2605
2017-12-23,145737,28791,26554,1100,3610,1861
2017-12-24,109871,21637,22666,1005,3530,1872
2017-12-25,116313,19392,21856,1079,3931,2147
2017-12-26,126930,23578,30028,1185,4167,2919
2017-12-27,99195,24104,27736,1340,4483,3433
2017-12-28,92296,23596,24982,1193,4784,3800
2017-12-29,91724,24223,22626,1102,4501,2564
2017-12-30,83250,23832,19029,1258,3973,2327
2017-12-31,67355,17601,16909,1224,3735,1810
2018-01-01,65416,17025,17094,1517,3826,2019
2018-01-02,85549,26032,29727,1492,5154,4246
2018-01-03,91452,28094,30901,1675,5903,4185
2018-01-04,86342,31526,29282,1560,5645,4821
2018-01-05,79232,30220,27745,1396,5242,4584
2018-01-06,79836,25897,19932,1177,6349,2807
2018-01-07,79013,27475,20199,1307,5553,2845
2018-01-08,87562,29239,28280,1611,6363,5291
2018-01-09,91854,30550,34827,1620,7204,5761
2018-01-10,99815,34386,43813,1707,7135,6084
2018-01-11,88028,33670,36305,1580,7013,5043
2018-01-12,75933,31526,29537,1615,6163,3833
2018-01-13,65514,29519,21366,1395,4897,3682
2018-01-14,57507,26781,22678,1359,5295,3799
2018-01-15,63876,31243,29562,1530,6363,5506
2018-01-16,74029,32101,31519,1774,6935,5086
2018-01-17,89187,31005,34922,1609,7208,5034
2018-01-18,70655,26873,32046,1564,6822,5823
2018-01-19,58273,22342,28281,1481,6258,4203
2018-01-20,50979,18145,20125,1306,4699,3574
2018-01-21,47043,17495,23320,1402,6320,3207
2018-01-22,53460,19995,30109,1536,7092,5444
2018-01-23,48401,19979,29978,3891,7325,6265
2018-01-24,50792,20269,29715,2319,6897,4776
2018-01-25,53599,19234,30163,1583,6094,4762
2018-01-26,45074,16005,23840,1345,5163,3281
2018-01-27,39103,15475,18429,1229,4302,3206
2018-01-28,39525,15539,18520,1345,4739,3237
2018-01-29,41255,17927,29246,1533,7057,4948
2018-01-30,39961,15886,25439,1478,5792,5042
2018-01-31,44012,16237,24301,1559,5760,6094
2018-02-01,47413,18365,26612,1738,5533,5062
2018-02-02,52986,17443,24654,1350,5147,4182
2018-02-03,44264,12769,18095,1329,4455,4700
2018-02-04,42910,12406,17154,1342,4731,4454
2018-02-05,56614,14855,24217,1462,5928,4274
2018-02-06,57917,17294,26168,1695,6131,4453
2018-02-07,42782,15240,25792,1570,5649,4451
2018-02-08,40473,14324,24272,1648,5626,4336
2018-02-09,40043,13656,21384,1304,5068,3788
2018-02-10,33655,10921,14217,982,4218,2552
2018-02-11,33358,11038,13803,1198,4832,2777
2018-02-12,42788,14276,20625,1495,5642,4287
2018-02-13,37817,12944,21658,1415,5473,4510
2018-02-14,34123,12978,21471,1441,5130,4392
2018-02-15,36704,15841,29255,1375,5406,4162
2018-02-16,31048,10673,22158,1134,4598,3437
2018-02-17,28385,8927,15409,1573,4129,2429
2018-02-18,26705,9262,14579,1176,4283,2588
2018-02-19,26856,10865,23370,1293,5205,4147
2018-02-20,38980,12733,25260,1350,5797,4473
2018-02-21,24746,12633,21824,1418,5567,4209
2018-02-22,23720,12216,23017,1310,5494,4306
2018-02-23,20187,9920,20493,1345,4868,3739
2018-02-24,18489,8721,13840,1067,4099,2865
2018-02-25,23615,9700,13772,1225,4614,2936
2018-02-26,24751,12025,21454,1707,5542,4349
2018-02-27,27708,14229,23491,2310,5720,4449
2018-02-28,23812,11572,22925,3558,5509,4247
2018-03-01,19703,9256,21252,1531,5565,4078
2018-03-02,28651,10001,17812,1353,4462,3448
2018-03-03,17645,7411,12487,1028,4108,2546
2018-03-04,17668,7446,12820,1134,4751,2864
2018-03-05,18631,8795,19311,1457,5233,4255
2018-03-06,31665,8746,21499,1516,5494,4248
2018-03-07,25862,9190,21677,1658,5474,4392
2018-03-08,18247,8516,20327,1692,5245,4070
2018-03-09,18272,7846,17883,1406,4694,3689
2018-03-10,15591,6568,12457,1171,3987,3126
2018-03-11,20093,6977,12963,1452,4391,3401
2018-03-12,21664,10107,23667,1790,5398,4504
2018-03-13,20618,11137,22960,1470,5225,4691
2018-03-14,18965,12366,21431,1393,6136,4360
2018-03-15,19632,10377,20035,1539,5179,4254
2018-03-16,17650,8614,18800,1104,4699,3720
2018-03-17,14444,7781,13946,972,4333,2535
2018-03-18,16792,10336,13824,1118,4403,2843
2018-03-19,28645,16530,19792,1428,5290,4439
2018-03-20,22021,13919,21038,1724,5081,4736
2018-03-21,26294,12748,22592,1371,4895,4532
2018-03-22,32044,22202,24188,1197,4985,4439
2018-03-23,26204,7493,20606,1067,5583,3847
2018-03-24,14517,10174,12560,955,3645,2760
2018-03-25,12644,6149,11565,1094,3974,2898
2018-03-26,25896,7980,18136,1206,4547,4415
2018-03-27,20067,10329,19709,1379,4821,4398
2018-03-28,25001,10365,18194,1389,5042,3926
2018-03-29,17879,8019,16543,1402,4768,3613
2018-03-30,18396,7901,12973,1241,3801,2893
2018-03-31,12176,6627,10526,1192,3566,2267
2018-04-01,13807,7249,13337,1294,3638,2325
2018-04-02,18749,10098,16538,1395,4497,3614
2018-04-03,18075,10420,18150,1581,4766,4151
2018-04-04,20736,8280,17498,1397,4767,4257
2018-04-05,20691,9839,17715,1271,4725,3932
2018-04-06,18699,8232,16530,1086,4182,3457
2018-04-07,17621,12850,10982,1075,3560,2402
2018-04-08,17800,7155,12154,1130,3907,2768
2018-04-09,14955,8036,18676,1345,4808,4155
2018-04-10,18262,9935,19021,1259,5086,4160
2018-04-11,14757,7876,19001,1156,5500,4173
2018-04-12,16972,12208,18707,1176,5774,4319
2018-04-13,15121,7177,16826,961,5170,3449
2018-04-14,12104,5823,9607,905,4074,2355
2018-04-15,12138,6278,10988,1122,4458,2759
2018-04-16,15892,9377,17912,1197,5711,4282
2018-04-17,17430,9535,23288,1214,5757,4366
2018-04-18,16359,8656,17246,1213,5601,4151
2018-04-19,15434,7700,16499,1286,5252,4066
2018-04-20,15265,7029,14978,1080,4966,3417
2018-04-21,15777,6362,11454,1022,4249,2400
2018-04-22,20387,7317,12087,1081,4513,2750
2018-04-23,26439,11003,20064,1308,5715,4251
2018-04-24,21433,9598,19811,1329,5887,4440
2018-04-25,18712,11301,18387,1346,7976,4108
2018-04-26,19884,8653,17468,1236,6825,3738
2018-04-27,13783,5820,15514,1040,4913,3153
2018-04-28,10957,5000,9353,937,3894,2272
2018-04-29,11142,5580,10419,1098,4152,2241
2018-04-30,13297,6387,16994,1164,5209,3477
2018-05-01,13367,5999,15128,1199,5824,3339
2018-05-02,13918,6222,18135,1341,5820,3959
2018-05-03,12766,6303,18569,1342,6011,3685
2018-05-04,13967,5741,16142,1049,5277,3140
2018-05-05,12000,5193,10118,939,3977,2348
2018-05-06,13003,5238,10579,1097,4545,2354
2018-05-07,16273,6998,17177,1308,5842,3921
2018-05-08,18612,7000,19908,1426,5837,3951
2018-05-09,16114,6437,21212,1355,6038,3766
2018-05-10,16700,7649,18113,1152,6209,3667
2018-05-11,14754,6051,16087,1158,5349,3365
2018-05-12,12808,5201,12527,1013,4192,2339
2018-05-13,12482,4908,12022,1067,4413,2845
2018-05-14,14094,6444,21626,1293,6027,4123
2018-05-15,14494,6522,23524,2251,5748,4061
2018-05-16,13854,6470,26936,1285,5682,3931
2018-05-17,14659,6333,21569,1419,6430,3762
2018-05-18,18814,5776,17847,1101,5161,3059
2018-05-19,14822,4857,11130,844,4194,2147
2018-05-20,15239,4637,11076,926,4872,2343
2018-05-21,20752,6098,18000,1086,5886,3846
2018-05-22,14316,6489,19615,1210,5739,3845
2018-05-23,15441,6513,18924,1020,5677,3688
2018-05-24,13769,5994,17920,1090,5907,3570
2018-05-25,12635,6031,14583,1049,4862,3098
2018-05-26,10783,3814,9321,840,4184,2122
2018-05-27,22272,4845,11564,936,4503,2425
2018-05-28,12882,5333,15337,1142,5120,3313
2018-05-29,13007,5456,17366,1200,5315,3523
2018-05-30,12909,5879,18525,1086,5488,3780
2018-05-31,18963,5698,18028,969,5379,3469
2018-06-01,10908,4654,14743,1016,4607,2907
2018-06-02,9256,4032,9492,808,3920,2149
2018-06-03,15388,4284,11123,999,4208,2294
2018-06-04,18471,6453,17316,979,5662,3558
2018-06-05,24457,6321,18112,1079,5999,3529
2018-06-06,35908,7404,17234,1095,5831,3519
2018-06-07,30928,6440,16992,1065,5726,3293
2018-06-08,25142,6230,14261,1012,4916,2966
2018-06-09,20530,4765,9549,875,4062,2068
2018-06-10,22054,4831,9612,1119,4955,2162
2018-06-11,23809,6360,16448,1063,4996,3261
2018-06-12,19973,6630,16384,1088,5468,3606
2018-06-13,18622,6364,16461,1027,5395,3638
2018-06-14,15097,5952,15201,941,5080,3290
2018-06-15,12701,4976,12307,861,4673,2763
2018-06-16,11288,3798,9661,754,4014,1862
2018-06-17,16903,4036,11334,881,4423,1917
2018-06-18,17193,7264,17870,997,5861,3471
2018-06-19,14829,5482,16893,1033,6118,3748
2018-06-20,24720,7181,16998,993,6350,3557
2018-06-21,14834,5803,15781,995,6316,3455
2018-06-22,12597,5275,13308,883,4750,3035
2018-06-23,10869,4350,10416,839,4223,2287
2018-06-24,17123,4632,10031,943,6024,2375
2018-06-25,17001,5665,14456,958,5865,3842
2018-06-26,17085,5562,16287,944,5901,3663
2018-06-27,17169,5704,16053,914,5690,3600
2018-06-28,18577,5366,19876,951,5508,3857
2018-06-29,14125,4741,14904,886,4808,3230
2018-06-30,14229,3996,9891,763,4011,2066
2018-07-01,14889,4426,10138,907,4621,2193
2018-07-02,15949,5051,15103,976,5322,3585
2018-07-03,13432,5164,15721,1057,5245,3592
2018-07-04,13193,5443,14639,1009,5146,3564
2018-07-05,16503,5662,15365,1101,5220,3613
2018-07-06,12334,5656,12998,944,4606,3144
2018-07-07,8168,4110,8894,793,4040,2046
2018-07-08,9076,4101,8956,935,4327,3247
2018-07-09,10704,4946,15212,997,5110,3814
2018-07-10,16183,5626,15020,1082,5678,3706
2018-07-11,11559,4914,18248,1044,5392,3841
2018-07-12,11139,4755,15772,1056,5065,3822
2018-07-13,12850,5147,13371,907,4502,3313
2018-07-14,12085,4157,8997,881,4125,2276
2018-07-15,12285,4066,8308,992,4329,2346
2018-07-16,12738,4766,13378,1067,5113,3965
2018-07-17,12198,5163,14310,1128,4964,3955
2018-07-18,12885,5592,15430,1150,5080,4430
2018-07-19,12348,5224,14317,1103,5227,4372
2018-07-20,12218,5283,12698,944,4435,3310
2018-07-21,11289,5170,8729,840,3823,2142
2018-07-22,10931,4392,8210,1142,4252,2348
2018-07-23,13360,5309,14119,1283,4872,3858
2018-07-24,12821,5404,15636,1028,6862,4040
2018-07-25,14538,5397,14599,1087,6094,4008
2018-07-26,12561,5319,13952,1022,5863,3627
2018-07-27,13973,5231,12609,973,4638,3281
2018-07-28,12436,4228,8606,956,3672,2302
2018-07-29,15010,4118,8270,1050,4378,2349
2018-07-30,12769,5732,14308,1181,6314,3794
2018-07-31,13419,5650,13930,1176,6190,3830
2018-08-01,12804,5291,12616,1146,6707,3656
2018-08-02,12127,5265,13136,1166,6112,3756
2018-08-03,14465,4674,12522,990,5321,3118
2018-08-04,11066,3848,8587,1009,6620,2202
2018-08-05,11327,4122,8290,1029,4241,2342
2018-08-06,16035,5317,13593,1108,5311,3637
2018-08-07,16708,5444,12815,1171,5534,3829
2018-08-08,12273,5562,13681,1197,5484,3602
2018-08-09,10302,5222,14254,1097,5573,3874
2018-08-10,12897,4861,13659,1072,4588,3282
2018-08-11,9699,4343,8845,987,4122,2233
2018-08-12,11541,4335,9082,1010,4589,2461
2018-08-13,13664,5323,14381,1206,5411,3692
2018-08-14,13691,5453,14218,1058,5283,3716
2018-08-15,14295,5341,12463,1025,5427,3592
2018-08-16,13302,5508,13080,1007,5565,3460
2018-08-17,12333,4746,11044,983,5161,3128
2018-08-18,12274,4170,7866,919,4076,2128
2018-08-19,12762,4185,7558,1059,4598,2174
2018-08-20,12594,5300,11882,1058,5891,3503
2018-08-21,13082,5694,12593,1019,5439,3682
2018-08-22,13567,6054,13029,1046,6746,3855
2018-08-23,13000,5114,13190,936,6107,3679
2018-08-24,12695,5756,11717,952,4959,3233
2018-08-25,12273,3918,7435,877,4004,2220
2018-08-26,11746,3946,7060,976,5475,3031
2018-08-27,14017,5616,12368,1086,5950,4042
2018-08-28,13410,5823,14122,1228,6743,4171
2018-08-29,13519,6797,14017,1138,6264,4207
2018-08-30,14620,6210,13346,1477,5991,4089
2018-08-31,12449,5899,11868,1061,5242,3297
2018-09-01,11241,4671,7738,920,4075,2202
